/*
SQLyog Ultimate - MySQL GUI v8.2 
MySQL - 5.5.49 : Database - ceping
*********************************************************************
*/

/*!40101 SET NAMES utf8 */;

/*!40101 SET SQL_MODE=''*/;

/*!40014 SET @OLD_UNIQUE_CHECKS=@@UNIQUE_CHECKS, UNIQUE_CHECKS=0 */;
/*!40014 SET @OLD_FOREIGN_KEY_CHECKS=@@FOREIGN_KEY_CHECKS, FOREIGN_KEY_CHECKS=0 */;
/*!40101 SET @OLD_SQL_MODE=@@SQL_MODE, SQL_MODE='NO_AUTO_VALUE_ON_ZERO' */;
/*!40111 SET @OLD_SQL_NOTES=@@SQL_NOTES, SQL_NOTES=0 */;
CREATE DATABASE /*!32312 IF NOT EXISTS*/`ceping` /*!40100 DEFAULT CHARACTER SET utf8 */;

USE `ceping`;

/*Table structure for table `eccl_depart` */

DROP TABLE IF EXISTS `eccl_depart`;

CREATE TABLE `eccl_depart` (
  `d_id` int(11) NOT NULL AUTO_INCREMENT,
  `d_name` varchar(255) NOT NULL,
  PRIMARY KEY (`d_id`)
) ENGINE=InnoDB AUTO_INCREMENT=15 DEFAULT CHARSET=utf8;

/*Data for the table `eccl_depart` */

insert  into `eccl_depart`(`d_id`,`d_name`) values (1,'晨砻信息'),(2,'营销部'),(3,'实施部'),(4,'研发部'),(6,'IT运维部'),(7,'电子商务部'),(8,'运营管理部'),(9,'财务部'),(11,'产品策划部'),(12,'总经理工作部'),(14,'业务咨询部');

/*Table structure for table `eccl_directortest` */

DROP TABLE IF EXISTS `eccl_directortest`;

CREATE TABLE `eccl_directortest` (
  `id` int(11) NOT NULL AUTO_INCREMENT,
  `directorName` varchar(255) DEFAULT NULL,
  `empName` varchar(255) DEFAULT NULL,
  `score_achievement` int(11) NOT NULL DEFAULT '0',
  `score_finish` int(11) NOT NULL DEFAULT '0',
  `score_finance` int(11) NOT NULL DEFAULT '0',
  `score_hygiene` int(11) NOT NULL DEFAULT '0',
  `score_attendance` int(11) NOT NULL DEFAULT '0',
  `score_behavior` int(11) NOT NULL DEFAULT '0',
  `score_plan` int(11) NOT NULL DEFAULT '0',
  `score_contribution` int(11) NOT NULL DEFAULT '0',
  `score_fault` int(11) NOT NULL DEFAULT '0',
  `score_ontime` int(11) NOT NULL DEFAULT '0',
  `score_add` int(11) NOT NULL DEFAULT '0',
  `score_sub` int(11) NOT NULL DEFAULT '0',
  PRIMARY KEY (`id`)
) ENGINE=InnoDB AUTO_INCREMENT=540 DEFAULT CHARSET=utf8;

/*Data for the table `eccl_directortest` */

insert  into `eccl_directortest`(`id`,`directorName`,`empName`,`score_achievement`,`score_finish`,`score_finance`,`score_hygiene`,`score_attendance`,`score_behavior`,`score_plan`,`score_contribution`,`score_fault`,`score_ontime`,`score_add`,`score_sub`) values (374,'刘芳','张达',0,0,0,0,0,0,0,0,0,0,0,0),(375,'刘芳','郑坤秀',0,0,0,0,0,0,0,0,0,0,0,0),(376,'刘芳','马晓倩',0,0,0,0,0,0,0,0,0,0,0,0),(380,'廉雪','司文江',0,0,0,0,0,0,0,0,0,0,0,0),(381,'廉雪','张力丹',0,0,0,0,0,0,0,0,0,0,0,0),(382,'廉雪','张萌',0,0,0,0,0,0,0,0,0,0,0,0),(383,'廉雪','李英',0,0,0,0,0,0,0,0,0,0,0,0),(384,'廉雪','柴翼',0,0,0,0,0,0,0,0,0,0,0,0),(385,'廉雪','胡晓东',0,0,0,0,0,0,0,0,0,0,0,0),(386,'谢玲玉','刘红莲',0,0,0,0,0,0,0,0,0,0,0,0),(387,'谢玲玉','王一婷',0,0,0,0,0,0,0,0,0,0,0,0),(388,'谢玲玉','王擎宇',0,0,0,0,0,0,0,0,0,0,0,0),(389,'谢玲玉','龚莹',0,0,0,0,0,0,0,0,0,0,0,0),(390,'曹新荷','严琳',0,0,0,0,0,0,0,0,0,0,0,0),(391,'曹新荷','何媛',0,0,0,0,0,0,0,0,0,0,0,0),(392,'曹新荷','张丽萍',0,0,0,0,0,0,0,0,0,0,0,0),(393,'曹新荷','张春丽',0,0,0,0,0,0,0,0,0,0,0,0),(394,'曹新荷','张海兴',0,0,0,0,0,0,0,0,0,0,0,0),(395,'曹新荷','王旭',0,0,0,0,0,0,0,0,0,0,0,0),(396,'曹新荷','董兰英',0,0,0,0,0,0,0,0,0,0,0,0),(397,'曹新荷','马勇',0,0,0,0,0,0,0,0,0,0,0,0),(398,'黄湛','冯媛媛',0,0,0,0,0,0,0,0,0,0,0,0),(399,'黄湛','冯雪飞',0,0,0,0,0,0,0,0,0,0,0,0),(400,'黄湛','刘彤童',0,0,0,0,0,0,0,0,0,0,0,0),(401,'黄湛','刘金闻',0,0,0,0,0,0,0,0,0,0,0,0),(402,'黄湛','刘飞',0,0,0,0,0,0,0,0,0,0,0,0),(403,'黄湛','叶欣',0,0,0,0,0,0,0,0,0,0,0,0),(404,'黄湛','吴雷',0,0,0,0,0,0,0,0,0,0,0,0),(405,'黄湛','张健辉',0,0,0,0,0,0,0,0,0,0,0,0),(406,'黄湛','张学秋',0,0,0,0,0,0,0,0,0,0,0,0),(407,'黄湛','张秋香',0,0,0,0,0,0,0,0,0,0,0,0),(408,'黄湛','朱琳',0,0,0,0,0,0,0,0,0,0,0,0),(409,'黄湛','李俊杰',0,0,0,0,0,0,0,0,0,0,0,0),(410,'黄湛','李剑飞',0,0,0,0,0,0,0,0,0,0,0,0),(411,'黄湛','李曼',0,0,0,0,0,0,0,0,0,0,0,0),(412,'黄湛','杜月华',0,0,0,0,0,0,0,0,0,0,0,0),(413,'黄湛','杜森恒',0,0,0,0,0,0,0,0,0,0,0,0),(414,'黄湛','柯小娟',0,0,0,0,0,0,0,0,0,0,0,0),(415,'黄湛','王凤辰',0,0,0,0,0,0,0,0,0,0,0,0),(416,'黄湛','王桂霞',0,0,0,0,0,0,0,0,0,0,0,0),(417,'黄湛','秦萌',0,0,0,0,0,0,0,0,0,0,0,0),(418,'黄湛','纪雪菲',0,0,0,0,0,0,0,0,0,0,0,0),(419,'黄湛','苏鹏',0,0,0,0,0,0,0,0,0,0,0,0),(420,'黄湛','董战慧',0,0,0,0,0,0,0,0,0,0,0,0),(421,'黄湛','赵跃',0,0,0,0,0,0,0,0,0,0,0,0),(422,'黄湛','高慧',0,0,0,0,0,0,0,0,0,0,0,0),(423,'曹喜权','任骥飞',0,0,0,0,0,0,0,0,0,0,0,0),(424,'曹喜权','关翼飞',0,0,0,0,0,0,0,0,0,0,0,0),(425,'曹喜权','刘帅',0,0,0,0,0,0,0,0,0,0,0,0),(426,'曹喜权','刘洪波',0,0,0,0,0,0,0,0,0,0,0,0),(427,'曹喜权','刘铭',0,0,0,0,0,0,0,0,0,0,0,0),(428,'曹喜权','周彬',0,0,0,0,0,0,0,0,0,0,0,0),(429,'曹喜权','周斌',0,0,0,0,0,0,0,0,0,0,0,0),(430,'曹喜权','巩磊',0,0,0,0,0,0,0,0,0,0,0,0),(431,'曹喜权','布乃发',0,0,0,0,0,0,0,0,0,0,0,0),(432,'曹喜权','张亮',0,0,0,0,0,0,0,0,0,0,0,0),(433,'曹喜权','张公禹',0,0,0,0,0,0,0,0,0,0,0,0),(434,'曹喜权','张国强',0,0,0,0,0,0,0,0,0,0,0,0),(435,'曹喜权','张敏',0,0,0,0,0,0,0,0,0,0,0,0),(436,'曹喜权','张磊',0,0,0,0,0,0,0,0,0,0,0,0),(437,'曹喜权','张超',0,0,0,0,0,0,0,0,0,0,0,0),(438,'曹喜权','徐素伟',0,0,0,0,0,0,0,0,0,0,0,0),(439,'曹喜权','李喆',0,0,0,0,0,0,0,0,0,0,0,0),(440,'曹喜权','李立彪',0,0,0,0,0,0,0,0,0,0,0,0),(441,'曹喜权','李金杰',0,0,0,0,0,0,0,0,0,0,0,0),(442,'曹喜权','杨刚',0,0,0,0,0,0,0,0,0,0,0,0),(443,'曹喜权','梁宇',0,0,0,0,0,0,0,0,0,0,0,0),(444,'曹喜权','梁岩',0,0,0,0,0,0,0,0,0,0,0,0),(445,'曹喜权','殷小娟',0,0,0,0,0,0,0,0,0,0,0,0),(446,'曹喜权','温庆智',0,0,0,0,0,0,0,0,0,0,0,0),(447,'曹喜权','牛传禄',0,0,0,0,0,0,0,0,0,0,0,0),(448,'曹喜权','王冰',0,0,0,0,0,0,0,0,0,0,0,0),(449,'曹喜权','王朋飞',0,0,0,0,0,0,0,0,0,0,0,0),(450,'曹喜权','王继凯',0,0,0,0,0,0,0,0,0,0,0,0),(451,'曹喜权','白云',0,0,0,0,0,0,0,0,0,0,0,0),(452,'曹喜权','肖俊楠',0,0,0,0,0,0,0,0,0,0,0,0),(453,'曹喜权','肖飞龙',0,0,0,0,0,0,0,0,0,0,0,0),(454,'曹喜权','胡锦勇',0,0,0,0,0,0,0,0,0,0,0,0),(455,'曹喜权','范大鹏',0,0,0,0,0,0,0,0,0,0,0,0),(456,'曹喜权','范帅',0,0,0,0,0,0,0,0,0,0,0,0),(457,'曹喜权','赵玉军',0,0,0,0,0,0,0,0,0,0,0,0),(458,'曹喜权','赵立明',0,0,0,0,0,0,0,0,0,0,0,0),(459,'曹喜权','郑英杰',0,0,0,0,0,0,0,0,0,0,0,0),(460,'曹喜权','郝红利',0,0,0,0,0,0,0,0,0,0,0,0),(461,'曹喜权','韩利平',0,0,0,0,0,0,0,0,0,0,0,0),(462,'曹喜权','韩宇',0,0,0,0,0,0,0,0,0,0,0,0),(463,'曹喜权','马仕强',0,0,0,0,0,0,0,0,0,0,0,0),(464,'曹喜权','高亮',0,0,0,0,0,0,0,0,0,0,0,0),(465,'曹喜权','高伟',0,0,0,0,0,0,0,0,0,0,0,0),(466,'高爽','刘宇',0,0,0,0,0,0,0,0,0,0,0,0),(467,'高爽','刘欢铭',0,0,0,0,0,0,0,0,0,0,0,0),(468,'高爽','刘蓉蓉',0,0,0,0,0,0,0,0,0,0,0,0),(469,'高爽','刘钰琛',0,0,0,0,0,0,0,0,0,0,0,0),(470,'高爽','吴思远',0,0,0,0,0,0,0,0,0,0,0,0),(471,'高爽','周子超',0,0,0,0,0,0,0,0,0,0,0,0),(472,'高爽','张增杰',0,0,0,0,0,0,0,0,0,0,0,0),(473,'高爽','张希山',0,0,0,0,0,0,0,0,0,0,0,0),(474,'高爽','张树春',0,0,0,0,0,0,0,0,0,0,0,0),(475,'高爽','张海龙',0,0,0,0,0,0,0,0,0,0,0,0),(476,'高爽','李慧',0,0,0,0,0,0,0,0,0,0,0,0),(477,'高爽','李春春',0,0,0,0,0,0,0,0,0,0,0,0),(478,'高爽','李欢',0,0,0,0,0,0,0,0,0,0,0,0),(479,'高爽','李辉',0,0,0,0,0,0,0,0,0,0,0,0),(480,'高爽','杨乃敦',0,0,0,0,0,0,0,0,0,0,0,0),(481,'高爽','杨晖',0,0,0,0,0,0,0,0,0,0,0,0),(482,'高爽','杨柳青',0,0,0,0,0,0,0,0,0,0,0,0),(483,'高爽','樊玉赢',0,0,0,0,0,0,0,0,0,0,0,0),(484,'高爽','牛俊龙',0,0,0,0,0,0,0,0,0,0,0,0),(485,'高爽','祁晓东',0,0,0,0,0,0,0,0,0,0,0,0),(486,'高爽','胡泊',0,0,0,0,0,0,0,0,0,0,0,0),(487,'高爽','苏丽',0,0,0,0,0,0,0,0,0,0,0,0),(488,'高爽','贾维巍',0,0,0,0,0,0,0,0,0,0,0,0),(489,'高爽','辛愿',0,0,0,0,0,0,0,0,0,0,0,0),(490,'高爽','高嵩',0,0,0,0,0,0,0,0,0,0,0,0),(491,'高爽','高涵',0,0,0,0,0,0,0,0,0,0,0,0),(492,'马志光','刘伯仲',0,0,0,0,0,0,0,0,0,0,0,0),(493,'马志光','周崇高',0,0,0,0,0,0,0,0,0,0,0,0),(494,'马志光','唐超',0,0,0,0,0,0,0,0,0,0,0,0),(495,'马志光','孙国文',0,0,0,0,0,0,0,0,0,0,0,0),(496,'马志光','孙彬彬',0,0,0,0,0,0,0,0,0,0,0,0),(497,'马志光','张磊（实施）',0,0,0,0,0,0,0,0,0,0,0,0),(498,'马志光','文志超',0,0,0,0,0,0,0,0,0,0,0,0),(499,'马志光','李剑',0,0,0,0,0,0,0,0,0,0,0,0),(500,'马志光','李宁',0,0,0,0,0,0,0,0,0,0,0,0),(501,'马志光','李璐',0,0,0,0,0,0,0,0,0,0,0,0),(502,'马志光','毛启松',0,0,0,0,0,0,0,0,0,0,0,0),(503,'马志光','秦伟',0,0,0,0,0,0,0,0,0,0,0,0),(504,'马志光','赵健智',0,0,0,0,0,0,0,0,0,0,0,0),(505,'马志光','赵欣悦',0,0,0,0,0,0,0,0,0,0,0,0),(506,'马志光','马剑',0,0,0,0,0,0,0,0,0,0,0,0),(507,'马志光','马强',0,0,0,0,0,0,0,0,0,0,0,0),(508,'马志光','魏思佳',0,0,0,0,0,0,0,0,0,0,0,0),(509,'付平','任新宇',0,0,0,0,0,0,0,0,0,0,0,0),(510,'付平','侯姗姗',0,0,0,0,0,0,0,0,0,0,0,0),(511,'付平','卢霞',0,0,0,0,0,0,0,0,0,0,0,0),(512,'付平','武佳文',0,0,0,0,0,0,0,0,0,0,0,0),(513,'付平','王一辰',0,0,0,0,0,0,0,0,0,0,0,0),(514,'付平','王振辉',0,0,0,0,0,0,0,0,0,0,0,0),(515,'付平','石博',0,0,0,0,0,0,0,0,0,0,0,0),(516,'付平','赵浚帆',0,0,0,0,0,0,0,0,0,0,0,0),(517,'付平','赵红英',0,0,0,0,0,0,0,0,0,0,0,0),(518,'付平','陈泓锦',0,0,0,0,0,0,0,0,0,0,0,0),(519,'付平','韩勇',0,0,0,0,0,0,0,0,0,0,0,0),(520,'卢温禾','刘宇',0,0,0,0,0,0,0,0,0,0,0,0),(521,'卢温禾','刘蓉蓉',0,0,0,0,0,0,0,0,0,0,0,0),(522,'曹喜权','刘宁',0,0,0,0,0,0,0,0,0,0,0,0),(523,'欧长伟','刘洋',0,0,0,0,0,0,0,0,0,0,0,0),(524,'杨超','刘洋',0,0,0,0,0,0,0,0,0,0,0,0),(525,'杨超','张丽丽',0,0,0,0,0,0,0,0,0,0,0,0),(526,'欧长伟','张丽丽',0,0,0,0,0,0,0,0,0,0,0,0),(527,'李春玉','任骥飞',0,0,0,0,0,0,0,0,0,0,0,0),(528,'刘通','任骥飞',0,0,0,0,0,0,0,0,0,0,0,0),(529,'郝焕兰','任骥飞',0,0,0,0,0,0,0,0,0,0,0,0),(530,'张国锋','刘伯仲',0,0,0,0,0,0,0,0,0,0,0,0),(531,'付晨光','刘伯仲',0,0,0,0,0,0,0,0,0,0,0,0),(532,'张英锋','任新宇',0,0,0,0,0,0,0,0,0,0,0,0),(533,'曹喜权','刘金甫',0,0,0,0,0,0,0,0,0,0,0,0),(534,'李春玉','关翼飞',0,0,0,0,0,0,0,0,0,0,0,0),(535,'李春玉','刘宁',0,0,0,0,0,0,0,0,0,0,0,0),(536,'李春玉','刘帅',0,0,0,0,0,0,0,0,0,0,0,0),(537,'李春玉','刘洪波',0,0,0,0,0,0,0,0,0,0,0,0),(538,'李春玉','刘金甫',0,0,0,0,0,0,0,0,0,0,0,0),(539,'卢温禾','刘欢铭',0,0,0,0,0,0,0,0,0,0,0,0);

/*Table structure for table `eccl_emp` */

DROP TABLE IF EXISTS `eccl_emp`;

CREATE TABLE `eccl_emp` (
  `e_id` int(11) DEFAULT NULL,
  `login_name` varchar(255) DEFAULT NULL,
  `e_name` varchar(255) NOT NULL,
  `e_d_id` int(11) DEFAULT NULL,
  `e_job_type` int(11) DEFAULT NULL,
  `bussiness_score` double(20,2) DEFAULT '0.00',
  `managers_score` double(20,2) DEFAULT '0.00',
  `key_score` double(20,2) DEFAULT '0.00',
  `emps_score` double(20,2) DEFAULT '0.00',
  `other_score` double(20,2) DEFAULT '0.00',
  `e_pwd` varchar(255) DEFAULT '654321',
  `final_score` double(20,2) DEFAULT '0.00',
  PRIMARY KEY (`e_name`),
  KEY `e_d_key` (`e_d_id`),
  KEY `e_r_key` (`e_job_type`),
  CONSTRAINT `e_d_key` FOREIGN KEY (`e_d_id`) REFERENCES `eccl_depart` (`d_id`),
  CONSTRAINT `e_r_key` FOREIGN KEY (`e_job_type`) REFERENCES `eccl_role` (`r_id`)
) ENGINE=InnoDB DEFAULT CHARSET=utf8;

/*Data for the table `eccl_emp` */

insert  into `eccl_emp`(`e_id`,`login_name`,`e_name`,`e_d_id`,`e_job_type`,`bussiness_score`,`managers_score`,`key_score`,`emps_score`,`other_score`,`e_pwd`,`final_score`) values (1,'yanlin','严琳',8,3,0.00,0.00,0.00,0.00,0.00,'654321',0.00),(2,'fuping','付平',2,1,0.00,0.00,0.00,0.00,0.00,'654321',0.00),(4,'fuchenguang','付晨光',3,5,0.00,0.00,0.00,0.00,0.00,'654321',0.00),(5,'renxinyu','任新宇',2,3,0.00,0.00,0.00,0.00,0.00,'654321',0.00),(6,'renjifei','任骥飞',6,3,0.00,0.00,0.00,0.00,0.00,'654321',0.00),(3,'heyuan','何媛',8,3,0.00,0.00,0.00,0.00,0.00,'654321',0.00),(8,'houshanshan','侯姗姗',2,3,0.00,0.00,0.00,0.00,0.00,'654321',0.00),(9,'guanyifei','关翼飞',6,3,0.00,0.00,0.00,0.00,0.00,'654321',0.00),(10,'fengyuanyuan','冯媛媛',7,3,0.00,0.00,0.00,0.00,0.00,'654321',0.00),(11,'fengxuefei','冯雪飞',7,3,0.00,0.00,0.00,0.00,0.00,'654321',0.00),(12,'liubozhong','刘伯仲',3,3,0.00,0.00,0.00,0.00,0.00,'654321',0.00),(NULL,'liuning','刘宁',6,3,0.00,0.00,0.00,0.00,0.00,'654321',0.00),(4,'liuyu','刘宇',4,3,0.00,0.00,0.00,0.00,0.00,'654321',0.00),(5,'liushuai','刘帅',6,3,0.00,0.00,0.00,0.00,0.00,'654321',0.00),(16,'liutongtong','刘彤童',7,3,0.00,0.00,0.00,0.00,0.00,'654321',0.00),(17,'liuhuanming','刘欢铭',4,3,0.00,0.00,0.00,0.00,0.00,'654321',0.00),(6,'liuyang','刘洋',14,3,0.00,0.00,0.00,0.00,0.00,'654321',0.00),(19,'liuhongbo','刘洪波',6,3,0.00,0.00,0.00,0.00,0.00,'654321',0.00),(20,'liuhonglian','刘红莲',9,3,0.00,0.00,0.00,0.00,0.00,'654321',0.00),(7,'liufang','刘芳',11,1,0.00,0.00,0.00,0.00,0.00,'654321',0.00),(22,'liurongrong','刘蓉蓉',4,3,0.00,0.00,0.00,0.00,0.00,'654321',0.00),(8,'liutong','刘通',6,5,0.00,0.00,0.00,0.00,0.00,'654321',0.00),(NULL,'liujinfu','刘金甫',6,3,0.00,0.00,0.00,0.00,0.00,'654321',0.00),(24,'liujinwen','刘金闻',7,3,0.00,0.00,0.00,0.00,0.00,'654321',0.00),(25,'liuyuchen','刘钰琛',4,3,0.00,0.00,0.00,0.00,0.00,'654321',0.00),(9,'liuming','刘铭',6,3,0.00,0.00,0.00,0.00,0.00,'654321',0.00),(27,'liufei','刘飞',7,3,0.00,0.00,0.00,0.00,0.00,'654321',0.00),(28,'luwenhe','卢温禾',4,5,0.00,0.00,0.00,0.00,0.00,'654321',0.00),(29,'luxia','卢霞',2,3,0.00,0.00,0.00,0.00,0.00,'654321',0.00),(30,'yexin','叶欣',7,3,0.00,0.00,0.00,0.00,0.00,'654321',0.00),(31,'siwenjiang','司文江',12,3,0.00,0.00,0.00,0.00,0.00,'654321',0.00),(32,'wusiyuan','吴思远',4,3,0.00,0.00,0.00,0.00,0.00,'654321',0.00),(33,'wulei','吴雷',7,3,0.00,0.00,0.00,0.00,0.00,'654321',0.00),(34,'zhouzichao','周子超',4,3,0.00,0.00,0.00,0.00,0.00,'654321',0.00),(35,'zhouchonggao','周崇高',3,3,0.00,0.00,0.00,0.00,0.00,'654321',0.00),(36,'zhoubin1','周彬',6,3,0.00,0.00,0.00,0.00,0.00,'654321',0.00),(37,'zhoubin2','周斌',6,3,0.00,0.00,0.00,0.00,0.00,'654321',0.00),(39,'tangchao','唐超',3,3,0.00,0.00,0.00,0.00,0.00,'654321',0.00),(40,'sunguowen','孙国文',3,3,0.00,0.00,0.00,0.00,0.00,'654321',0.00),(42,'sunbinbin','孙彬彬',3,3,0.00,0.00,0.00,0.00,0.00,'654321',0.00),(45,'gonglei','巩磊',6,3,0.00,0.00,0.00,0.00,0.00,'654321',0.00),(46,'bunaifa','布乃发',6,3,0.00,0.00,0.00,0.00,0.00,'654321',0.00),(NULL,'changzheng','常铮',14,3,0.00,0.00,0.00,0.00,0.00,'654321',0.00),(47,'lianxue','廉雪',12,1,0.00,0.00,0.00,0.00,0.00,'654321',0.00),(48,'zhanglili','张丽丽',14,3,0.00,0.00,0.00,0.00,0.00,'654321',0.00),(49,'zhangliping','张丽萍',8,3,0.00,0.00,0.00,0.00,0.00,'654321',0.00),(50,'zhangliang','张亮',6,3,0.00,0.00,0.00,0.00,0.00,'654321',0.00),(52,'zhangjianhui','张健辉',7,3,0.00,0.00,0.00,0.00,0.00,'654321',0.00),(53,'zhanggongyu','张公禹',6,3,0.00,0.00,0.00,0.00,0.00,'654321',0.00),(54,'zhangkai','张凯',14,3,0.00,0.00,0.00,0.00,0.00,'654321',0.00),(55,'zhanglidan','张力丹',12,3,0.00,0.00,0.00,0.00,6.00,'654321',0.00),(56,'zhangguoqiang','张国强',6,3,0.00,0.00,0.00,0.00,0.00,'654321',0.00),(57,'zhangguofeng','张国锋',3,5,0.00,0.00,0.00,0.00,0.00,'654321',0.00),(58,'zhangzengjie','张增杰',4,3,0.00,0.00,0.00,0.00,0.00,'654321',0.00),(59,'zhangxueqiu','张学秋',7,3,0.00,0.00,0.00,0.00,0.00,'654321',0.00),(60,'zhangxishan','张希山',4,3,0.00,0.00,0.00,0.00,0.00,'654321',0.00),(61,'zhangmin','张敏',6,3,0.00,0.00,0.00,0.00,0.00,'654321',0.00),(62,'zhangchunli','张春丽',8,3,0.00,0.00,0.00,0.00,0.00,'654321',0.00),(63,'zhangshuchun','张树春',4,3,0.00,0.00,0.00,0.00,0.00,'654321',0.00),(64,'zhanghaixing','张海兴',8,3,0.00,0.00,0.00,0.00,0.00,'654321',0.00),(65,'zhanghailong','张海龙',4,3,0.00,0.00,0.00,0.00,0.00,'654321',0.00),(66,'zhanglei1','张磊',6,3,0.00,0.00,0.00,0.00,0.00,'654321',0.00),(67,'zhanglei2','张磊（实施）',3,3,0.00,0.00,0.00,0.00,0.00,'654321',0.00),(68,'zhangqiuxiang','张秋香',7,3,0.00,0.00,0.00,0.00,0.00,'654321',0.00),(69,'zhangyingfeng','张英锋',2,5,0.00,0.00,0.00,0.00,0.00,'654321',0.00),(70,'zhangmeng','张萌',12,3,0.00,0.00,0.00,0.00,0.00,'654321',0.00),(71,'zhangchao','张超',6,3,0.00,0.00,0.00,0.00,0.00,'654321',0.00),(NULL,'zhangda','张达',11,3,0.00,0.00,0.00,0.00,0.00,'654321',0.00),(73,'zhangpengqi','张鹏起',1,5,0.00,0.00,0.00,0.00,0.00,'654321',0.00),(74,'xusuwei','徐素伟',6,3,0.00,0.00,0.00,0.00,0.00,'654321',0.00),(75,'wenzhichao','文志超',3,3,0.00,0.00,0.00,0.00,0.00,'654321',0.00),(76,'caoxiquan','曹喜权',6,1,0.00,0.00,0.00,0.00,0.00,'654321',0.00),(77,'caoxinhe','曹新荷',8,1,0.00,0.00,0.00,0.00,0.00,'654321',0.00),(NULL,'zhujie','朱杰',11,5,0.00,0.00,0.00,0.00,0.00,'654321',0.00),(79,'zhulin','朱琳',7,3,0.00,0.00,0.00,0.00,0.00,'654321',0.00),(80,'lijunjie','李俊杰',7,3,0.00,0.00,0.00,0.00,0.00,'654321',0.00),(81,'lijian1','李剑',3,3,0.00,0.00,0.00,0.00,0.00,'654321',0.00),(82,'lijianfei','李剑飞',7,3,0.00,0.00,0.00,0.00,0.00,'654321',0.00),(83,'lizhe','李喆',6,3,0.00,0.00,0.00,0.00,0.00,'654321',0.00),(84,'lining','李宁',3,3,0.00,0.00,0.00,0.00,0.00,'654321',0.00),(85,'lihui1','李慧',4,3,0.00,0.00,0.00,0.00,0.00,'654321',0.00),(86,'lichunchun','李春春',4,3,0.00,0.00,0.00,0.00,0.00,'654321',0.00),(87,'lichunyu','李春玉',6,5,0.00,0.00,0.00,0.00,0.00,'654321',0.00),(88,'liman','李曼',7,3,0.00,0.00,0.00,0.00,0.00,'654321',0.00),(89,'lihuan','李欢',4,3,0.00,0.00,0.00,0.00,0.00,'654321',0.00),(90,'lijiangli','李江丽',9,5,0.00,0.00,0.00,0.00,0.00,'654321',0.00),(91,'lilu','李璐',3,3,0.00,0.00,0.00,0.00,0.00,'654321',0.00),(92,'lilibiao','李立彪',6,3,0.00,0.00,0.00,0.00,0.00,'654321',0.00),(93,'liying','李英',12,3,0.00,0.00,0.00,0.00,0.00,'654321',0.00),(94,'lihui2','李辉',4,3,0.00,0.00,0.00,0.00,0.00,'654321',0.00),(95,'lijinjie','李金杰',6,3,0.00,0.00,0.00,0.00,0.00,'654321',0.00),(97,'duyuehua','杜月华',7,3,0.00,0.00,0.00,0.00,0.00,'654321',0.00),(98,'dusenheng','杜森恒',7,3,0.00,0.00,0.00,0.00,0.00,'654321',0.00),(99,'yangnaidun','杨乃敦',4,3,0.00,0.00,0.00,0.00,0.00,'654321',0.00),(101,'yanggang','杨刚',6,3,0.00,0.00,0.00,0.00,0.00,'654321',0.00),(103,'yanghui','杨晖',4,3,0.00,0.00,0.00,0.00,0.00,'654321',0.00),(104,'yangliuqing','杨柳青',4,3,0.00,0.00,0.00,0.00,0.00,'654321',0.00),(105,'yangchao','杨超',14,1,0.00,0.00,0.00,0.00,0.00,'654321',0.00),(106,'kexiaojuan','柯小娟',7,3,0.00,0.00,0.00,0.00,0.00,'654321',0.00),(107,'chaiyi','柴翼',12,3,0.00,0.00,0.00,0.00,0.00,'654321',0.00),(108,'liangyu','梁宇',6,3,0.00,0.00,0.00,0.00,0.00,'654321',0.00),(109,'liangyan','梁岩',6,3,0.00,0.00,0.00,0.00,0.00,'654321',0.00),(110,'fanyuying','樊玉赢',4,3,0.00,0.00,0.00,0.00,0.00,'654321',0.00),(111,'ouchangwei','欧长伟',14,5,0.00,0.00,0.00,0.00,0.00,'654321',0.00),(112,'wujiawen','武佳文',2,3,0.00,0.00,0.00,0.00,0.00,'654321',0.00),(113,'yinxiaojuan','殷小娟',6,3,0.00,0.00,0.00,0.00,0.00,'654321',0.00),(114,'maoqisong','毛启松',3,3,0.00,0.00,0.00,0.00,0.00,'654321',0.00),(116,'wenqingzhi','温庆智',6,3,0.00,0.00,0.00,0.00,0.00,'654321',0.00),(117,'niuchuanlu','牛传禄',6,3,0.00,0.00,0.00,0.00,0.00,'654321',0.00),(118,'niujunlong','牛俊龙',4,3,0.00,0.00,0.00,0.00,0.00,'654321',0.00),(119,'wangyiting','王一婷',9,3,0.00,0.00,0.00,0.00,0.00,'654321',0.00),(120,'wangyichen','王一辰',2,3,0.00,0.00,0.00,0.00,0.00,'654321',0.00),(121,'wangbing','王冰',6,3,0.00,0.00,0.00,0.00,0.00,'654321',0.00),(122,'wangfengchen','王凤辰',7,3,0.00,0.00,0.00,0.00,0.00,'654321',0.00),(123,'wangdawei','王大伟',14,3,0.00,0.00,0.00,0.00,0.00,'654321',0.00),(127,'wangzhenhui','王振辉',2,3,0.00,0.00,0.00,0.00,0.00,'654321',0.00),(128,'wangqingyu','王擎宇',9,3,0.00,0.00,0.00,0.00,0.00,'654321',0.00),(129,'wangxu','王旭',8,3,0.00,0.00,0.00,0.00,0.00,'654321',0.00),(130,'wangpengfei','王朋飞',6,3,0.00,0.00,0.00,0.00,0.00,'654321',0.00),(131,'wangguixia','王桂霞',7,3,0.00,0.00,0.00,0.00,0.00,'654321',0.00),(132,'wangjikai','王继凯',6,3,0.00,0.00,0.00,0.00,0.00,'654321',0.00),(190,'wangyingze','王英泽',1,4,0.00,0.00,0.00,0.00,0.00,'654321',0.00),(187,'wengzhiguang','瓮总',1,4,0.00,0.00,0.00,0.00,0.00,'654321',0.00),(133,'baiyun','白云',6,3,0.00,0.00,0.00,0.00,0.00,'654321',0.00),(134,'shibo','石博',2,3,0.00,0.00,0.00,0.00,0.00,'654321',0.00),(135,'qixiaodong','祁晓东',4,3,0.00,0.00,0.00,0.00,0.00,'654321',0.00),(136,'qinwei','秦伟',3,3,0.00,0.00,0.00,0.00,0.00,'654321',0.00),(137,'qinmeng','秦萌',7,3,0.00,0.00,0.00,0.00,0.00,'654321',0.00),(138,'jixuefei','纪雪菲',7,3,0.00,0.00,0.00,0.00,0.00,'654321',0.00),(139,'xiaojunnan','肖俊楠',6,3,0.00,0.00,0.00,0.00,0.00,'654321',0.00),(140,'xiaohaiyong','肖海涌',14,3,0.00,0.00,0.00,0.00,0.00,'654321',0.00),(141,'xiaofeilong','肖飞龙',6,3,0.00,0.00,0.00,0.00,0.00,'654321',0.00),(189,'huwensheng','胡文胜',1,4,0.00,0.00,0.00,0.00,0.00,'654321',0.00),(142,'huxiaodong','胡晓东',12,3,0.00,0.00,0.00,0.00,0.00,'654321',0.00),(143,'hubo','胡泊',4,3,0.00,0.00,0.00,0.00,0.00,'654321',0.00),(144,'hujinyong','胡锦勇',6,3,0.00,0.00,0.00,0.00,0.00,'654321',0.00),(145,'suli','苏丽',4,3,0.00,0.00,0.00,0.00,0.00,'654321',0.00),(146,'supeng','苏鹏',7,3,0.00,0.00,0.00,0.00,0.00,'654321',0.00),(148,'fandapeng','范大鹏',6,3,0.00,0.00,0.00,0.00,0.00,'654321',0.00),(149,'fanshuai','范帅',6,3,0.00,0.00,0.00,0.00,0.00,'654321',0.00),(150,'donglanying','董兰英',8,3,0.00,0.00,0.00,0.00,0.00,'654321',0.00),(151,'dongzhanhui','董战慧',7,3,0.00,0.00,0.00,0.00,0.00,'654321',0.00),(191,'xielingyu','谢玲玉',9,1,0.00,0.00,0.00,0.00,0.00,'654321',0.00),(NULL,'tandengxuan','谭登宣',6,3,0.00,0.00,0.00,0.00,0.00,'654321',0.00),(153,'jiaweiwei','贾维巍',4,3,0.00,0.00,0.00,0.00,0.00,'654321',0.00),(NULL,'zhaojianzhi','赵健智',3,3,0.00,0.00,0.00,0.00,0.00,'654321',0.00),(154,'zhaoxinyue','赵欣悦',3,3,0.00,0.00,0.00,0.00,0.00,'654321',0.00),(155,'zhaojunfan','赵浚帆',2,3,0.00,0.00,0.00,0.00,0.00,'654321',0.00),(156,'zhaoyujun','赵玉军',6,3,0.00,0.00,0.00,0.00,0.00,'654321',0.00),(157,'zhaoliming','赵立明',6,3,0.00,0.00,0.00,0.00,0.00,'654321',0.00),(158,'zhaohongying','赵红英',2,3,0.00,0.00,0.00,0.00,0.00,'654321',0.00),(159,'zhaoyue','赵跃',7,3,0.00,0.00,0.00,0.00,0.00,'654321',0.00),(160,'xinyuan','辛愿',4,3,0.00,0.00,0.00,0.00,0.00,'654321',0.00),(NULL,'xinhaiqing','辛海清',6,3,0.00,0.00,0.00,0.00,0.00,'654321',0.00),(162,'zhengkunxiu','郑坤秀',11,3,0.00,0.00,0.00,0.00,0.00,'654321',0.00),(164,'zhengyingjie','郑英杰',6,3,0.00,0.00,0.00,0.00,0.00,'654321',0.00),(165,'haohuanlan','郝焕兰',6,5,0.00,0.00,0.00,0.00,0.00,'654321',0.00),(166,'haohongli','郝红利',6,3,0.00,0.00,0.00,0.00,0.00,'654321',0.00),(167,'chenhongjin','陈泓锦',2,3,0.00,0.00,0.00,0.00,0.00,'654321',0.00),(168,'hanliping','韩利平',6,3,0.00,0.00,0.00,0.00,0.00,'654321',0.00),(169,'hanyong','韩勇',2,3,0.00,0.00,0.00,0.00,0.00,'654321',0.00),(170,'hanyu','韩宇',6,3,0.00,0.00,0.00,0.00,0.00,'654321',0.00),(NULL,'hanhongli','韩红丽',6,3,0.00,0.00,0.00,0.00,0.00,'654321',0.00),(171,'mashiqiang','马仕强',6,3,0.00,0.00,0.00,0.00,0.00,'654321',0.00),(172,'majian','马剑',3,3,0.00,0.00,0.00,0.00,0.00,'654321',0.00),(173,'mayong','马勇',8,3,0.00,0.00,0.00,0.00,0.00,'654321',0.00),(174,'maqiang','马强',3,3,0.00,0.00,0.00,0.00,0.00,'654321',0.00),(175,'mazhiguang','马志光',3,1,0.00,0.00,0.00,0.00,0.00,'654321',0.00),(176,'maxiaoqian','马晓倩',11,3,0.00,0.00,0.00,0.00,0.00,'654321',0.00),(177,'gaoliang','高亮',6,3,0.00,0.00,0.00,0.00,0.00,'654321',0.00),(178,'gaowei','高伟',6,3,0.00,0.00,0.00,0.00,0.00,'654321',0.00),(179,'gaosong','高嵩',4,3,0.00,0.00,0.00,0.00,0.00,'654321',0.00),(180,'gaohui','高慧',7,3,0.00,0.00,0.00,0.00,0.00,'654321',0.00),(181,'gaohan','高涵',4,3,0.00,0.00,0.00,0.00,0.00,'654321',0.00),(182,'gaoshuang','高爽',4,1,0.00,0.00,0.00,0.00,0.00,'654321',0.00),(NULL,'weijunjie','魏俊杰',6,3,0.00,0.00,0.00,0.00,0.00,'654321',0.00),(183,'weisijia','魏思佳',3,3,0.00,0.00,0.00,0.00,0.00,'654321',0.00),(NULL,'weifeng','魏锋',7,3,0.00,0.00,0.00,0.00,0.00,'654321',0.00),(185,'huangzhan','黄湛',7,1,0.00,0.00,0.00,0.00,0.00,'654321',0.00),(NULL,'huangqi','黄祺',6,3,0.00,0.00,0.00,0.00,0.00,'654321',0.00),(186,'gongying','龚莹',9,3,0.00,0.00,0.00,0.00,0.00,'654321',0.00);

/*Table structure for table `eccl_role` */

DROP TABLE IF EXISTS `eccl_role`;

CREATE TABLE `eccl_role` (
  `r_id` int(11) NOT NULL,
  `r_name` varchar(255) DEFAULT NULL,
  PRIMARY KEY (`r_id`)
) ENGINE=InnoDB DEFAULT CHARSET=utf8;

/*Data for the table `eccl_role` */

insert  into `eccl_role`(`r_id`,`r_name`) values (1,'经理'),(2,'经理助理'),(3,'员工'),(4,'领导'),(5,'副经理'),(6,'管理员');

/*Table structure for table `eccl_test` */

DROP TABLE IF EXISTS `eccl_test`;

CREATE TABLE `eccl_test` (
  `id` int(11) NOT NULL AUTO_INCREMENT,
  `name` varchar(255) DEFAULT NULL,
  `test_name` varchar(255) DEFAULT NULL,
  `score` int(11) DEFAULT NULL,
  `date` datetime DEFAULT NULL,
  `job_type` int(11) DEFAULT NULL,
  `depart_id` int(11) DEFAULT NULL,
  PRIMARY KEY (`id`),
  KEY `eccl_test_key` (`test_name`),
  CONSTRAINT `eccl_test_key` FOREIGN KEY (`test_name`) REFERENCES `eccl_emp` (`e_name`)
) ENGINE=InnoDB AUTO_INCREMENT=3147 DEFAULT CHARSET=utf8;

/*Data for the table `eccl_test` */

/*!40101 SET SQL_MODE=@OLD_SQL_MODE */;
/*!40014 SET FOREIGN_KEY_CHECKS=@OLD_FOREIGN_KEY_CHECKS */;
/*!40014 SET UNIQUE_CHECKS=@OLD_UNIQUE_CHECKS */;
/*!40111 SET SQL_NOTES=@OLD_SQL_NOTES */;
